Calle;Género;Nombre;Religioso;Ficción;Descripción;Artículo;Imagen;Fecha Nacimiento;Fecha Muerte;Céntrica
Calle Adolfo García Cabeza;Hombre;Adolfo García Cabeza;0.0;;;;;;;1
Calle Agustin Bálsamo;Hombre;Agustin Bálsamo;0.0;;;;;;;1
Calle Agustin Moriche;Hombre;Agustin Moriche;0.0;;;;;;;
Calle Alexander Henderson;Hombre;Alexander Henderson;0.0;;;;;;;1
Calle Alférez Villalta Medina;Hombre;Alférez Villalta Medina;0.0;;;;;;;1
Calle Alfonso Fernández Torres;Hombre;Alfonso Fernández Torres;0.0;;;;;;;
Alfonso XI;Hombre;Alfonso XI;0.0;;;;;;;1
Calle de Alfredo Zaralegui;Hombre;Alfredo Zaralegui;0.0;;;;;;;
Calle Amadeo Vives;Hombre;Amadeo Vives;0.0;;;;;;;
Calle Andrés García Picón;Hombre;Andrés García Picón;0.0;;;;;;;
Calle Anibal;Hombre;Anibal;0.0;;;;;;;1
Calle Antonio Barreno;Hombre;Antonio Barreno;0.0;;;;;;;
Calle Antonio Machado;Hombre;Antonio Machado;0.0;;;;;;;
Calle Baltasar Acedo;Hombre;Baltasar Acedo;0.0;;;;;;;
Calle Benjamín Franklin;Hombre;Benjamín Franklin;0.0;;;;;;;
Calle Blas Escalona;Hombre;Blas Escalona;0.0;;;;;;;
Avenida de Blas Infante;Hombre;Blas Infante;0.0;;;;;;;1
Calle Blas Otero;Hombre;Blas Otero;0.0;;;;;;;
Cabo Villano;Hombre;Cabo Villano;0.0;;;;;;;
Calle Calderón de la Barca;Hombre;Calderón de la Barca;0.0;;;;;;;
Calle Calle Naturopata Diego Prieto;Hombre;Calle Naturopata Diego Prieto;0.0;;;;;;;
Cánovas del Castillo;Hombre;Cánovas del Castillo;0.0;;;;;;;1
Avenida Capitán Ontañón;Hombre;Capitán Ontañón;0.0;;;;;;;1
Calle Cayetano del Toro;Hombre;Cayetano del Toro;0.0;;;;;;;1
Calle Comandante Gómez Ortega;Hombre;Comandante Gómez Ortega;0.0;;;;;;;1
Plaza Concejal Valero Bianchi;Hombre;Concejal Valero Bianchi;0.0;;;;;;;1
Calle Conde Lous;Hombre;Conde Lous;0.0;;;;;;;1
Calle Conde Niebla;Hombre;Conde Niebla;0.0;;;;;;;1
Coronel Ceballos;Hombre;Coronel Ceballos;0.0;;;;;;;1
Calle Coronel Figueroa;Hombre;Coronel Figueroa;0.0;;;;;;;1
Calle Cristo;Hombre;Cristo;1.0;;;;;;;1
Calle Cristóbal Colón;Hombre;Cristóbal Colón;0.0;;;;;;;1
Calle Curro Muela;Hombre;Curro Muela;0.0;;;;;;;
Calle Doctor Arruga;Hombre;Doctor Arruga;0.0;;;;;;;
Calle Doctor Barraquer;Hombre;Doctor Barraquer;0.0;;;;;;;1
Calle Doctor Benito Daza;Hombre;Doctor Benito Daza;0.0;;;;;;;
Calle Doctor Carreras;Hombre;Doctor Carreras;0.0;;;;;;;
Calle Doctor Fleming;Hombre;Doctor Fleming;0.0;;;;;;;1
Calle Doctor Power;Hombre;Doctor Power;0.0;;;;;;;
Doctor Ventura Morón;Hombre;Doctor Ventura Morón;0.0;;;;;;;1
Calle de Domingo Savio;Hombre;Domingo Savio;0.0;;;;;;;1
Calle Don Bosco;Hombre;Don Bosco;1.0;;;;;;;1
Calle Donato Millan;Hombre;Donato Millan;0.0;;;;;;;1
Calle Dr. Félix R. de la Fuente;Hombre;Dr. Félix R. de la Fuente;0.0;;;;;;;
Calle Duque de Almodóvar;Hombre;Duque de Almodóvar;0.0;;;;;;;1
Calle Duque de Rivas;Hombre;Duque de Rivas;0.0;;;;;;;
Calle Emilio Burgos;Hombre;Emilio Burgos;0.0;;;;;;;1
Calle Emilio Castelar;Hombre;Emilio Castelar;0.0;;;;;;;1
Calle Emilio Santacana;Hombre;Emilio Santacana;0.0;;;;;;;1
Calle Enrique Granados;Hombre;Enrique Granados;0.0;;;;;;;
Calle Federico García Lorca;Hombre;Federico García Lorca;0.0;;;;;;;
Pasaje Federico García Lorca;Hombre;Federico García Lorca;0.0;;;;;;;
Calle Félix Armenta;Hombre;Félix Armenta;0.0;;;;;;;
Calle Fermín Salvochea;Hombre;Fermín Salvochea;0.0;;;;;;;
Calle Fernando de Herrera;Hombre;Fernando de Herrera;0.0;;;;;;;
Calle Fernando IV;Hombre;Fernando IV;0.0;;;;;;;1
Calle Francisco Riera;Hombre;Francisco Riera;0.0;;;;;;;
Calle Fray Alonso Martin;Hombre;Fray Alonso Martin;0.0;;;;;;;
Calle de Fray Bartolomé;Hombre;Fray Bartolomé;0.0;;;;;;;1
Fray Junípero Serra;Hombre;Fray Junípero Serra;0.0;;;;;;;
Calle Fray Tomás del Valle;Hombre;Fray Tomás del Valle;0.0;;;;;;;1
General Castaños;Hombre;General Castaños;0.0;;;;;;;1
Calle General Marina;Hombre;General Marina;0.0;;;;;;;
Plaza General Menéndez Tolosa;Hombre;General Menéndez Tolosa;0.0;;;;;;;1
Calle Gil de Albornoz;Hombre;Gil de Albornoz;0.0;;;;;;;
Calle Goya;Hombre;Goya;0.0;;;;;;;1
Calle de Gregorio Marañón;Hombre;Gregorio Marañón;0.0;;;;;;;1
Calle Hermanos Pinzón;Hombre;Hermanos Pinzón;0.0;;;;;;;
Calle Hermanos Portilla;Hombre;Hermanos Portilla;0.0;;;;;;;
Calle Hernando de Soto;Hombre;Hernando de Soto;0.0;;;;;;;
Calle Ignacio Zuloaga;Hombre;Ignacio Zuloaga;0.0;;;;;;;1
Calle Infante Don Pedro;Hombre;Infante Don Pedro;0.0;;;;;;;1
Calle Ingeniero Lopez de Orozco;Hombre;Ingeniero Lopez de Orozco;0.0;;;;;;;
Calle Isaac Albéniz;Hombre;Isaac Albéniz;0.0;;;;;;;
Calle Isaac Newton;Hombre;Isaac Newton;0.0;;;;;;;
Calle Jacinto Benavente;Hombre;Jacinto Benavente;0.0;;;;;;;1
Joaquín Costa;Hombre;Joaquín Costa;0.0;;;;;;;1
José Bueno Jiménez;Hombre;José Bueno Jiménez;0.0;;;;;;;
Calle José de Espronceda;Hombre;José de Espronceda;0.0;;;;;;;
Calle José Manuel Caparrós;Hombre;José Manuel Caparrós;0.0;;;;;;;
José Román;Hombre;José Román;0.0;;;;;;;1
Calle José Santacana;Hombre;José Santacana;0.0;;;;;;;1
Calle Juan Blanco;Hombre;Juan Blanco;0.0;;;;;;;
Calle Juan Carlos de Luna;Hombre;Juan Carlos de Luna;0.0;;;;;;;1
Calle de Juan Gonzalez;Hombre;Juan Gonzalez;0.0;;;;;;;
Calle Juan Ramón Jiménez;Hombre;Juan Ramón Jiménez;0.0;;;;;;;
Pasaje Juan Ramón Jiménez A;Hombre;Juan Ramón Jiménez A;0.0;;;;;;;
Pasaje Juan Ramón Jiménez B;Hombre;Juan Ramón Jiménez B;0.0;;;;;;;
Calle Juan XXIII;Hombre;Juan XXIII;0.0;;;;;;;1
Calle Justo Sansalvador;Hombre;Justo Sansalvador;0.0;;;;;;;
Calle Luis Braile;Hombre;Luis Braile;0.0;;;;;;;1
Calle Luis Cernuda;Hombre;Luis Cernuda;0.0;;;;;;;
Calle Luis de Gongora;Hombre;Luis de Gongora;0.0;;;;;;;
Calle Maestre Santiago;Hombre;Maestre Santiago;0.0;;;;;;;1
Calle Maestro Luis Cano Toba;Hombre;Maestro Luis Cano Toba;0.0;;;;;;;
Calle Maestro Millan Picazo;Hombre;Maestro Millan Picazo;0.0;;;;;;;
Calle Maestro Millán Picazo;Hombre;Maestro Millán Picazo;0.0;;;;;;;1
Calle Manolete;Hombre;Manolete;0.0;;;;;;;
Calle Manuel de Falla;Hombre;Manuel de Falla;0.0;;;;;;;1
Calle Manuel Rojas;Hombre;Manuel Rojas;0.0;;;;;;;
Plaza Marqués de Verboom;Hombre;Marqués de Verboom;0.0;;;;;;;1
Calle Méndez-Núñez;Hombre;Méndez-Núñez;0.0;;;;;;;1
Calle Miguel Díaz;Hombre;Miguel Díaz;0.0;;;;;;;
Calle Miguel Martín;Hombre;Miguel Martín;0.0;;;;;;;1
Calle Monet;Hombre;Monet;0.0;;;;;;;1
Calle Morenito de Algeciras;Hombre;Morenito de Algeciras;0.0;;;;;;;
Muñoz Cobos;Hombre;Muñoz Cobos;0.0;;;;;;;1
Calle Muñoz Seca;Hombre;Muñoz Seca;0.0;;;;;;;1
Murillo;Hombre;Murillo;0.0;;;;;;;1
Calle Murillo;Hombre;Murillo;0.0;;;;;;;1
Calle Nicolas Copernico;Hombre;Nicolas Copernico;0.0;;;;;;;
Calle Niño de La Palma;Hombre;Niño de La Palma;0.0;;;;;;;
Calle Nuño Fernandez;Hombre;Nuño Fernandez;0.0;;;;;;;1
Calle Ortega y Gasset;Hombre;Ortega y Gasset;0.0;;;;;;;1
Pablo Mayayo;Hombre;Pablo Mayayo;0.0;;;;;;;1
Calle de Pablo Neruda;Hombre;Pablo Neruda;0.0;;;;;;;
Calle Paco de Lucía;Hombre;Paco de Lucía;0.0;;;;;;;
Pasaje Paco de Lucía;Hombre;Paco de Lucía;0.0;;;;;;;
Calle Padre Jorge;Hombre;Padre Jorge;0.0;;;;;;;
Calle del Pajaro Carpintero;Hombre;Pajaro Carpintero;0.0;;;;;;;
Calle Pedro Ponce;Hombre;Pedro Ponce;0.0;;;;;;;1
Calle Pedro Romero;Hombre;Pedro Romero;0.0;;;;;;;
Calle Periodista Pepe Vallecillo;Hombre;Periodista Pepe Vallecillo;0.0;;;;;;;1
Calle Perseo;Hombre;Perseo;0.0;1.0;;;;;;
Calle Poeta Gabriel Anzur;Hombre;Poeta Gabriel Anzur;0.0;;;;;;;
Calle Poeta Moñiz;Hombre;Poeta Moñiz;0.0;;;;;;;
Calle Pomponio Mela;Hombre;Pomponio Mela;0.0;;;;;;;1
Calle Ponce de León;Hombre;Ponce de León;0.0;;;;;;;
Calle Poseidon;Hombre;Poseidon;0.0;1.0;;;;;;
Avenida Poseidón;Hombre;Poseidón;0.0;1.0;;;;;;
Calle Prim;Hombre;Prim;0.0;;;;;;;1
Primo de Rivera;Hombre;Primo de Rivera;0.0;;;;;;;1
Avenida Principe de España;Hombre;Principe de España;0.0;;;;;;;1
Avenida Príncipe de España;Hombre;Príncipe de España;0.0;;;;;;;1
Calle de Rafael Alberti;Hombre;Rafael Alberti;0.0;;;;;;;
Calle de Rafael Argeles;Hombre;Rafael Argeles;0.0;;;;;;;1
Rafael de Muro;Hombre;Rafael de Muro;0.0;;;;;;;1
Avenida de Ramón Puyol;Hombre;Ramón Puyol;0.0;;;;;;;1
Calle Ramón y Cajal;Hombre;Ramón y Cajal;0.0;;;;;;;1
Calle Rodrigo de Triana;Hombre;Rodrigo de Triana;0.0;;;;;;;
Sáez Laguna;Hombre;Sáez Laguna;0.0;;;;;;;1
Salida Parking Menéndez Tolosa;Hombre;Salida Parking Menéndez Tolosa;0.0;;;;;;;1
Calle de Salvador Allende;Hombre;Salvador Allende;0.0;;;;;;;1
Salvador Cabrera Pescador;Hombre;Salvador Cabrera Pescador;0.0;;;;;;;
San Antonio;Hombre;San Antonio;1.0;;;;;;;1
Avenida de San Bartolomé L3;Hombre;San Bartolomé L3;1.0;;;;;;;
Avenida de San Bernabé L1;Hombre;San Bernabé L1;1.0;;;;;;;
Avenida San Bernabé L2;Hombre;San Bernabé L2;1.0;;;;;;;
Avenida de San Bernabé ST5;Hombre;San Bernabé ST5;1.0;;;;;;;
Avenida San Bernabé ST8;Hombre;San Bernabé ST8;1.0;;;;;;;
Calle San Bernardo;Hombre;San Bernardo;1.0;;;;;;;1
Calle San Fernando;Hombre;San Fernando;1.0;;;;;;;
Calle San Francisco;Hombre;San Francisco;1.0;;;;;;;1
Calle San José;Hombre;San José;1.0;;;;;;;1
Calle San Luis;Hombre;San Luis;1.0;;;;;;;1
Calle San Nicolás;Hombre;San Nicolás;1.0;;;;;;;1
Calle de San Quintín;Hombre;San Quintín;1.0;;;;;;;1
Calle San Roque;Hombre;San Roque;1.0;;;;;;;
Calle San Sebastián;Hombre;San Sebastián;1.0;;;;;;;1
Calle Sanchez Mejias;Hombre;Sanchez Mejias;0.0;;;;;;;
Santísimo;Hombre;Santísimo;1.0;;;;;;;1
Calle Santo Domingo Guzman;Hombre;Santo Domingo Guzman;1.0;;;;;;;1
Calle Segismundo Moret;Hombre;Segismundo Moret;0.0;;;;;;;1
Sindicalista Luis Cobos;Hombre;Sindicalista Luis Cobos;0.0;;;;;;;1
Calle Teniente Miranda;Hombre;Teniente Miranda;0.0;;;;;;;1
Calle Teniente Riera;Hombre;Teniente Riera;0.0;;;;;;;1
Teniente Serra;Hombre;Teniente Serra;0.0;;;;;;;1
Calle Thomas Edison;Hombre;Thomas Edison;0.0;;;;;;;
Calle Vicente Aleixandre;Hombre;Vicente Aleixandre;0.0;;;;;;;
Calle Vicente de Paul;Hombre;Vicente de Paul;0.0;;;;;;;1
Calle William Kelvin;Hombre;William Kelvin;0.0;;;;;;;
Calle Andromeda;Mujer;Andrómeda;0.0;1.0;princesa mítica de Etiopía;https://es.wikipedia.org/wiki/Andr%C3%B3meda_(mitolog%C3%ADa);http://commons.wikimedia.org/wiki/Special:FilePath/Statue%20of%20Andromeda%20at%20Melbourne%20Hall%20gardens%20%28geograph%203211214%29.jpg;;;
Calle Diana;Mujer;Diana;0.0;1.0;diosa;https://es.wikipedia.org/wiki/Diana_(mitolog%C3%ADa);http://commons.wikimedia.org/wiki/Special:FilePath/Meister%20der%20Schule%20von%20Fontainebleau%20001.jpg;;;
Calle Empresaria María Trelles;Mujer;Empresaria María Trelles;0.0;;;;;;;
Calle Escritora Emilia Danero;Mujer;Escritora Emilia Danero;0.0;;;;;;;
Calle Escritora Juana Marín;Mujer;Juana J. Marín Saura;0.0;;poetisa española;https://es.wikipedia.org/wiki/Juana_J._Mar%C3%ADn_Saura;;1953-12-01T00:00:00Z;;
Calle Escritora María Lejarraga;Mujer;María de la O Lejárraga;0.0;;política y escritora española;https://es.wikipedia.org/wiki/Mar%C3%ADa_de_la_O_Lej%C3%A1rraga;http://commons.wikimedia.org/wiki/Special:FilePath/Mar%C3%ADa%20de%20la%20O%20by%20Julio%20Romero%20de%20Torres.jpg;1874-12-28T00:00:00Z;1974-06-28T00:00:00Z;
Calle Escritora Mariana Carvajal;Mujer;Mariana de Carvajal y Saavedra;0.0;;escritora española;https://es.wikipedia.org/wiki/Mariana_de_Carvajal_y_Saavedra;;1620-01-01T00:00:00Z;1670-01-01T00:00:00Z;
Escritora Mariana Carvajal;Mujer;Mariana de Carvajal y Saavedra;0.0;;escritora española;https://es.wikipedia.org/wiki/Mariana_de_Carvajal_y_Saavedra;;1620-01-01T00:00:00Z;1670-01-01T00:00:00Z;
Calle Escritora Rosario Cepeda;Mujer;Rosario Cepeda;0.0;;escritora española;https://es.wikipedia.org/wiki/Rosario_Cepeda;;1756-01-01T00:00:00Z;1816-10-16T00:00:00Z;
Calle Filántropa Matilde Gaggero;Mujer;Filántropa Matilde Gaggero;0.0;;;;;;;
Calle Historiadora Angelines Melle;Mujer;Historiadora Angelines Melle;0.0;;;;;;;
Plaza de la Inmaculada Concepción;Mujer;Inmaculada Concepción;1.0;;dogma de la Iglesia católica;https://es.wikipedia.org/wiki/Inmaculada_Concepci%C3%B3n;http://commons.wikimedia.org/wiki/Special:FilePath/Murillo%20immaculate%20conception.jpg;;;1
Calle de la Inmaculada Concepción;Mujer;Inmaculada Concepción;1.0;;dogma de la Iglesia católica;https://es.wikipedia.org/wiki/Inmaculada_Concepci%C3%B3n;http://commons.wikimedia.org/wiki/Special:FilePath/Murillo%20immaculate%20conception.jpg;;;1
Calle Investigadora Carmen Fontecha;Mujer;Investigadora Carmen Fontecha;0.0;;;;;;;
Calle Isabel Pantoja;Mujer;Isabel Pantoja;0.0;;cantante española (n. 1956);https://es.wikipedia.org/wiki/Isabel_Pantoja;http://commons.wikimedia.org/wiki/Special:FilePath/Isabel%20Pantoja%20-%2002.jpg;1956-08-02T00:00:00Z;;
Julia Guerra;Mujer;Julia Guerra;0.0;;;https://es.wikipedia.org/wiki/Julia_Guerra_Lacunza;;;;
Calle Lorena;Mujer;Lorena;0.0;;;;;;;
Calle Maestra María Luisa;Mujer;Maestra María Luisa;0.0;;;;;;;
Maestra Pepita Bonet;Mujer;Maestra Pepita Bonet;0.0;;;;;;;
Pasaje Maribel García Revilla;Mujer;Maribel García Revilla;0.0;;;;;;;1
Plaza de la Merced;Mujer;Virgen de la Merced o de la Misericordia;1.0;;advocación de la Virgen;https://es.wikipedia.org/wiki/Virgen_de_la_Merced;http://commons.wikimedia.org/wiki/Special:FilePath/Soho%2C%20Notre%20Dame%20De%20France%20Church%2C%20Statue%20of%20Our%20Lady%20of%20Mercy.jpg;;;1
Calle Minerva;Mujer;Minerva;0.0;1.0;;;;;;
Calle Nuestra Señora de la Luz;Mujer;Nuestra Señora de la Luz;1.0;;;https://es.wikipedia.org/wiki/Nuestra_Se%C3%B1ora_de_la_Luz;;;;
Plaza Nuestra Sra. de La Palma;Mujer;Nuestra Sra. de La Palma;1.0;;;https://es.wikipedia.org/wiki/Virgen_de_La_Palma;;;;1
Paselo Victoria Eugenia;Mujer;Victoria Eugenia de Battenberg;0.0;;Reina consorte de España (1906-1931);https://es.wikipedia.org/wiki/Victoria_Eugenia_de_Battenberg;http://commons.wikimedia.org/wiki/Special:FilePath/Queen%20Victoria%20Eugenia%20of%20Spain%20by%20Kaulak.jpg;1887-10-24T00:00:00Z;1969-04-15T00:00:00Z;1
Calle Pastora;NA;Pastora;0.0;;;;;;;
Calle Pintora Regla Gallegos;Mujer;Pintora Regla Gallegos;0.0;;;;;;;
Calle Poetisa Julia Uceda;Mujer;Julia Uceda;0.0;;escritora española;https://es.wikipedia.org/wiki/Julia_Uceda;;1925-10-22T00:00:00Z;;
Santa María;Mujer;María;1.0;;madre de Jesús de Nazaret;https://es.wikipedia.org/wiki/Mar%C3%ADa_(madre_de_Jes%C3%BAs);http://commons.wikimedia.org/wiki/Special:FilePath/Duccio%20The-Madonna-and-Child-128.jpg;-0100-01-01T00:00:00Z;0100-01-01T00:00:00Z;1
Calle Santa Maria Auxiliadora;Mujer;María Auxiliadora;1.0;;título dado a la Virgen María por los cristianos;https://es.wikipedia.org/wiki/Mar%C3%ADa_Auxiliadora;;;;1
Calle Santa María Micaela;Mujer;María Micaela del Santísimo Sacramento;1.0;;santa española;https://es.wikipedia.org/wiki/Mar%C3%ADa_Micaela_del_Sant%C3%ADsimo_Sacramento;http://commons.wikimedia.org/wiki/Special:FilePath/Micaela%20Desmaisi%C3%A8res.jpg;1809-01-01T00:00:00Z;1865-08-24T00:00:00Z;1
Calle Valdivia Cabrera;Mujer;Valdivia Cabrera;0.0;;;;;;;
Avenida de Venus;Mujer;Venus;0.0;1.0;diosa romana de la belleza y el amor erótico;https://es.wikipedia.org/wiki/Venus_(mitolog%C3%ADa);http://commons.wikimedia.org/wiki/Special:FilePath/Venus%20Arles.jpg;;;
Calle Virgen de África;Mujer;Virgen de África;1.0;;una imagen en el Santuario de Santa María de África, Ceuta, Espana;https://es.wikipedia.org/wiki/Virgen_de_%C3%81frica;http://commons.wikimedia.org/wiki/Special:FilePath/Iglesia%20de%20Santa%20Mar%C3%ADa%20de%20%C3%81frica%2C%20Ceuta.jpg;;;
Calle Virgen de Fátima;Mujer;Virgen de Fátima;1.0;;advocación mariana del catolicismo;https://es.wikipedia.org/wiki/Virgen_de_F%C3%A1tima;http://commons.wikimedia.org/wiki/Special:FilePath/Fatima%20%283%29.jpg;;;
Avenida Virgen de la Palma;Mujer;Virgen de la Palma;1.0;;;https://es.wikipedia.org/wiki/Virgen_de_La_Palma;;;;1
Avenida Virgen del Carmen;Mujer;Virgen del Carmen;1.0;;advocación de la Virgen María;https://es.wikipedia.org/wiki/Virgen_del_Carmen;http://commons.wikimedia.org/wiki/Special:FilePath/HuitzoCarmen.jpg;;;1
Plaza Virgen del Mar;Mujer;Virgen del Mar;1.0;;Patrona de Almería, España. Patrona de Santander, España;https://es.wikipedia.org/wiki/Virgen_del_Mar;;;;
Calle Virgen Marinera;Mujer;Virgen Marinera;1.0;;;;;;;
Calle 28 de Febrero;NA;28 de Febrero;0.0;;;;;;;
Avenida 28 de Febrero;NA;28 de Febrero;0.0;;;;;;;
Calle Abanicos;NA;Abanicos;0.0;;;;;;;
Calle del Abejaruco;NA;Abejaruco;0.0;;;;;;;
Calle de los Abetos;NA;Abetos;0.0;;;;;;;
Calle de las Acacias;NA;Acacias;0.0;;;;;;;
Calle del Acceso del Puerto;NA;Acceso del Puerto;0.0;;;;;;;
Carretera a Acceso Getares;NA;Acceso Getares;0.0;;;;;;;
Calle Adalides;NA;Adalides;0.0;;;;;;;
Adelfa;NA;Adelfa;0.0;;;;;;;
Agentes Comerciales;NA;Agentes Comerciales;0.0;;;;;;;1
Avenida Agua Marina;NA;Agua Marina;0.0;;;;;;;1
Calle del Águila;NA;Águila;0.0;;;;;;;
Calle de los Alamos;NA;Alamos;0.0;;;;;;;
Calle de Albacete;NA;Albacete;0.0;;;;;;;1
Albacora;NA;Albacora;0.0;;;;;;;
Calle Albahaca;NA;Albahaca;0.0;;;;;;;
Calle Los Albañiles;NA;Albañiles;0.0;;;;;;;
Urbanización Alborada;NA;Alborada;0.0;;;;;;;
Calle Alcalá;NA;Alcalá;0.0;;;;;;;
Avenida de Alemania;NA;Alemania;0.0;;;;;;;
Avenida de Algeciras;NA;Algeciras;0.0;;;;;;;
Calle Algodonales;NA;Algodonales;0.0;;;;;;;
Calle Alhambra;NA;Alhambra;0.0;;;;;;;1
Calle Almanzor;NA;Almanzor;0.0;;;;;;;1
Calle Almendarache;NA;Almendarache;0.0;;;;;;;
Calle El Almendarache;NA;Almendarache;0.0;;;;;;;
Calle Almería;NA;Almería;0.0;;;;;;;1
Plaza Alta;NA;Alta;0.0;;;;;;;1
Calle Amapola;NA;Amapola;0.0;;;;;;;
Avenida de América;NA;América;0.0;;;;;;;
Calle de los Amigos;NA;Amigos;0.0;;;;;;;
Calle Ancha;NA;Ancha;0.0;;;;;;;1
Calle Andalucía;NA;Andalucía;0.0;;;;;;;1
Urbanización El Anteojo;NA;Anteojo;0.0;;;;;;;
Calle Araucaria;NA;Araucaria;0.0;;;;;;;
Calle Arbol de la Cigüeña;NA;Arbol de la Cigüeña;0.0;;;;;;;
Calle Arbol de la Paz;NA;Arbol de la Paz;0.0;;;;;;;
Calle Arbol de Navidad;NA;Arbol de Navidad;0.0;;;;;;;
Calle Arbol del Paraiso;NA;Arbol del Paraiso;0.0;;;;;;;
Calle Arbolitos;NA;Arbolitos;0.0;;;;;;;
Calle Los Arcos;NA;Arcos;0.0;;;;;;;1
Calle Arcos del Cobre;NA;Arcos del Cobre;0.0;;;;;;;
Calle del Arendajo;NA;Arendajo;0.0;;;;;;;
Calle del Argentino;NA;Argentino;0.0;;;;;;;
Asarina;NA;Asarina;0.0;;;;;;;
Avenida de Asia;NA;Asia;0.0;;;;;;;
Calle Asturias;NA;Asturias;0.0;;;;;;;1
Calle Austria;NA;Austria;0.0;;;;;;;
Autovía del Mediterráneo;NA;Autovía del Mediterráneo;0.0;;;;;;;
Avellanos;NA;Avellanos;0.0;;;;;;;
Calle de Ávila;NA;Ávila;0.0;;;;;;;1
Calle Azahar;NA;Azahar;0.0;;;;;;;
Calle del Azor;NA;Azor;0.0;;;;;;;
Calle Azucena;NA;Azucena;0.0;;;;;;;
Avenida de la Bahía;NA;Bahía;0.0;;;;;;;
Calle Bahia Azul;NA;Bahia Azul;0.0;;;;;;;
Calle Bailén;NA;Bailén;0.0;;;;;;;1
Calle Balanza;NA;Balanza;0.0;;;;;;;
Calle Barbate;NA;Barbate;0.0;;;;;;;
Calle Barbo;NA;Barbo;0.0;;;;;;;
Calle Barcelona;NA;Barcelona;0.0;;;;;;;1
Calle los Barreros;NA;Barreros;0.0;;;;;;;1
Barrio Pastores;NA;Barrio Pastores;0.0;;;;;;;
Calle Los Barrios;NA;Barrios;0.0;;;;;;;
Calle Batel;NA;Batel;0.0;;;;;;;
Calle Begonia;NA;Begonia;0.0;;;;;;;
Avenida de Bélgica;NA;Bélgica;0.0;;;;;;;
Avenida de Bellavista;NA;Bellavista;0.0;;;;;;;
Calle Belmonte;NA;Belmonte;0.0;;;;;;;
Calle Benaocaz;NA;Benaocaz;0.0;;;;;;;
Calle de Bilbao;NA;Bilbao;0.0;;;;;;;1
Calle Bogavante;NA;Bogavante;0.0;;;;;;;
Calle Bombita;NA;Bombita;0.0;;;;;;;
Calle Boquerón;NA;Boquerón;0.0;;;;;;;
Calle Boreal;NA;Boreal;0.0;;;;;;;
Calle Bornos;NA;Bornos;0.0;;;;;;;
Calle Botavara;NA;Botavara;0.0;;;;;;;
Calle Breca;NA;Breca;0.0;;;;;;;
Calle Bronce;NA;Bronce;0.0;;;;;;;
Calle Brújula;NA;Brújula;0.0;;;;;;;
Avenida de Bruselas;NA;Bruselas;0.0;;;;;;;
Buen Aire;NA;Buen Aire;0.0;;;;;;;1
Calle El Buho;NA;Buho;0.0;;;;;;;
Calle del Buitre;NA;Buitre;0.0;;;;;;;
Calle Cabo Acapulco;NA;Cabo Acapulco;0.0;;;;;;;
Calle Cabo Ajo;NA;Cabo Ajo;0.0;;;;;;;
Calle Cabo Bagur;NA;Cabo Bagur;0.0;;;;;;;
Calle Cabo Bustos;NA;Cabo Bustos;0.0;;;;;;;
Calle Cabo Camarinal;NA;Cabo Camarinal;0.0;;;;;;;
Calle Cabo Cervera;NA;Cabo Cervera;0.0;;;;;;;
Calle Cabo Cope;NA;Cabo Cope;0.0;;;;;;;
Calle Cabo Corrubedo;NA;Cabo Corrubedo;0.0;;;;;;;
Calle Cabo de Creus;NA;Cabo de Creus;0.0;;;;;;;
Calle Cabo de Cros;NA;Cabo de Cros;0.0;;;;;;;
Cabo de Gata;NA;Cabo de Gata;0.0;;;;;;;
Calle Cabo de la Nao;NA;Cabo de la Nao;0.0;;;;;;;
Calle Cabo de la Nave;NA;Cabo de la Nave;0.0;;;;;;;
Calle Cabo de Roca;NA;Cabo de Roca;0.0;;;;;;;
Calle Cabo de Sal;NA;Cabo de Sal;0.0;;;;;;;
Calle Cabo del Agua;NA;Cabo del Agua;0.0;;;;;;;
Calle Cabo Duambre;NA;Cabo Duambre;0.0;;;;;;;
Calle Cabo Finisterre;NA;Cabo Finisterre;0.0;;;;;;;
Travesía Cabo Finisterre 1;NA;Cabo Finisterre 1;0.0;;;;;;;
Travesia Cabo Finisterre 2;NA;Cabo Finisterre 2;0.0;;;;;;;
Travesia Cabo Finisterre 3;NA;Cabo Finisterre 3;0.0;;;;;;;
Travesia Cabo Finisterre 4;NA;Cabo Finisterre 4;0.0;;;;;;;
Cabo Higuer;NA;Cabo Higuer;0.0;;;;;;;
Calle Cabo Lastres;NA;Cabo Lastres;0.0;;;;;;;
Calle Cabo Machichaco;NA;Cabo Machichaco;0.0;;;;;;;
Calle Cabo Mayor;NA;Cabo Mayor;0.0;;;;;;;
Calle Cabo Negrete;NA;Cabo Negrete;0.0;;;;;;;
Calle Cabo Negro;NA;Cabo Negro;0.0;;;;;;;
Calle Cabo Norfeo;NA;Cabo Norfeo;0.0;;;;;;;
Calle Cabo Ortegal;NA;Cabo Ortegal;0.0;;;;;;;
Calle Cabo Peñas;NA;Cabo Peñas;0.0;;;;;;;
Calle Cabo Prieto;NA;Cabo Prieto;0.0;;;;;;;
Calle Cabo Prior;NA;Cabo Prior;0.0;;;;;;;
Calle Cabo Roche;NA;Cabo Roche;0.0;;;;;;;
Calle del Cabo Roig;NA;Cabo Roig;0.0;;;;;;;
Calle Cabo Sacratif;NA;Cabo Sacratif;0.0;;;;;;;
Calle Cabo Salines;NA;Cabo Salines;0.0;;;;;;;
Calle Cabo Salou;NA;Cabo Salou;0.0;;;;;;;
Calle Cabo San Ceprian;NA;Cabo San Ceprian;0.0;;;;;;;
Calle Cabo Santa Pola;NA;Cabo Santa Pola;0.0;;;;;;;
Calle Cabo Sillero;NA;Cabo Sillero;0.0;;;;;;;
Calle Cabo Torres;NA;Cabo Torres;0.0;;;;;;;
Cabo Tort;NA;Cabo Tort;0.0;;;;;;;
Calle Cabo Touriñana;NA;Cabo Touriñana;0.0;;;;;;;
Calle Cabo Tres Forcas;NA;Cabo Tres Forcas;0.0;;;;;;;
Calle Cabo Ventos;NA;Cabo Ventos;0.0;;;;;;;
Carretera a Cádiz;NA;Cádiz;0.0;;;;;;;
Calle de los Caireles;NA;Caireles;0.0;;;;;;;
Call;NA;Call;0.0;;;;;;;1
calle Carpa;NA;calle Carpa;0.0;;;;;;;
Calle Camaleon;NA;Camaleon;0.0;;;;;;;
Calle Camarón de la Isla;NA;Camarón de la Isla;0.0;;;;;;;
Calle Camelias;NA;Camelias;0.0;;;;;;;
Calle Camino La Mediana;NA;Camino La Mediana;0.0;;;;;;;
Calle Los Campesinos;NA;Campesinos;0.0;;;;;;;
Avenida Campo de Gibraltar;NA;Campo de Gibraltar;0.0;;;;;;;
Calle Cangrejo;NA;Cangrejo;0.0;;;;;;;
Avenida de la Cañada;NA;Cañada;0.0;;;;;;;1
Calle Cañada de los Tomates;NA;Cañada de los Tomates;0.0;;;;;;;
Calle Carabela;NA;Carabela;0.0;;;;;;;
Puente Caracol;NA;Caracol;0.0;;;;;;;
Calle Carena;NA;Carena;0.0;;;;;;;
Calle de la Carpa;NA;Carpa;0.0;;;;;;;
Calle Carteya;NA;Carteya;0.0;;;;;;;1
Calle Castaño;NA;Castaño;0.0;;;;;;;
Calle Castañuela;NA;Castañuela;0.0;;;;;;;
Los Castellanos;NA;Castellanos;0.0;;;;;;;1
Calle Catalanes;NA;Catalanes;0.0;;;;;;;1
Catalpa;NA;Catalpa;0.0;;;;;;;
Calle Catana;NA;Catana;0.0;;;;;;;1
Calle de los Cedros;NA;Cedros;0.0;;;;;;;
Calle Cefeo;NA;Cefeo;0.0;;;;;;;
Calle Centauro;NA;Centauro;0.0;;;;;;;
Calle Centolla;NA;Centolla;0.0;;;;;;;
Calle del Cernicalo;NA;Cernicalo;0.0;;;;;;;
Sendero Cerro del Tambor;NA;Cerro del Tambor;0.0;;;;;;;
Calle del Chamarin;NA;Chamarin;0.0;;;;;;;
Calle del Chaparro;NA;Chaparro;0.0;;;;;;;
Calle Chiclana;NA;Chiclana;0.0;;;;;;;
Calle Chipiona;NA;Chipiona;0.0;;;;;;;
Paseo Chorruelo;NA;Chorruelo;0.0;;;;;;;1
Calle de la Chumbera;NA;Chumbera;0.0;;;;;;;
Calle Cielo;NA;Cielo;0.0;;;;;;;
Calle de la Cigüeña;NA;Cigüeña;0.0;;;;;;;
Calle del Cipres;NA;Cipres;0.0;;;;;;;
Clavel;NA;Clavel;0.0;;;;;;;
Calle Clipper;NA;Clipper;0.0;;;;;;;
Avenida de El Cobre;NA;Cobre;0.0;;;;;;;
Carretera al Cobre;NA;Cobre;0.0;;;;;;;
Carretera del Cobre;NA;Cobre;0.0;;;;;;;
Calle de la Codorniz;NA;Codorniz;0.0;;;;;;;
Sendero Colada de La Costa;NA;Colada de La Costa;0.0;;;;;;;
Urbanización de las Colinas;NA;Colinas;0.0;;;;;;;
Calle Colios;NA;Colios;0.0;;;;;;;
Colios;NA;Colios;0.0;;;;;;;
Calle Compas;NA;Compas;0.0;;;;;;;
Calle de la Concordia;NA;Concordia;0.0;;;;;;;
Paseo Conferencia;NA;Conferencia;0.0;;;;;;;1
Plaza de la Constitución;NA;Constitución;0.0;;;;;;;1
Calle Copa;NA;Copa;0.0;;;;;;;
Calle Coquina;NA;Coquina;0.0;;;;;;;
Calle Corbeta;NA;Corbeta;0.0;;;;;;;
Calle Córdoba;NA;Córdoba;0.0;;;;;;;1
Calle del Corpus Christi;NA;Corpus Christi;1.0;;;;;;;
Calle Al Cortijo Vides;NA;Cortijo Vides;0.0;;;;;;;
Vereda de la Cuesta o Marchenilla;NA;Cuesta o Marchenilla;0.0;;;;;;;
Dalia;NA;Dalia;0.0;;;;;;;
Dedalera;NA;Dedalera;0.0;;;;;;;
Calle Deimos;NA;Deimos;0.0;;;;;;;
Calle Delfín;NA;Delfín;0.0;;;;;;;
Calle Deportes;NA;Deportes;0.0;;;;;;;
Calle de los Deseos;NA;Deseos;0.0;;;;;;;
Calle Destino;NA;Destino;0.0;;;;;;;
Avenida Diputacion;NA;Diputacion;0.0;;;;;;;
Avenida de la Diputacion;NA;Diputacion;0.0;;;;;;;
Avenida de la Diputación;NA;Diputación;0.0;;;;;;;
Calle Doberman;NA;Doberman;0.0;;;;;;;
Donantes de Sangre;NA;Donantes de Sangre;0.0;;;;;;;
Calle Dorada;NA;Dorada;0.0;;;;;;;
Calle Dragon;NA;Dragon;0.0;;;;;;;
Calle Dragos;NA;Dragos;0.0;;;;;;;
Calle Duero;NA;Duero;0.0;;;;;;;
Calle Ebro;NA;Ebro;0.0;;;;;;;
Avenida Del Embarcadero;NA;Embarcadero;0.0;;;;;;;
Calle Encajes;NA;Encajes;0.0;;;;;;;
Calle de las Encinas;NA;Encinas;0.0;;;;;;;
Calle Erizos;NA;Erizos;0.0;;;;;;;
Camino de la Ermita;NA;Ermita;0.0;;;;;;;
Calle Escuadra;NA;Escuadra;0.0;;;;;;;
Calle Escudo;NA;Escudo;0.0;;;;;;;
Avenida de España;NA;España;0.0;;;;;;;
Calle Espera;NA;Espera;0.0;;;;;;;
Calle Esperanza;NA;Esperanza;0.0;;;;;;;
Calle Espiritu Santo;NA;Espiritu Santo;0.0;;;;;;;1
Calle del Estornino;NA;Estornino;0.0;;;;;;;
Avenida del Estrecho;NA;Estrecho;0.0;;;;;;;
Avenida de Europa;NA;Europa;0.0;;;;;;;
Calle Extremadura;NA;Extremadura;0.0;;;;;;;1
Calle del Faisan;NA;Faisan;0.0;;;;;;;
Calle Fenix;NA;Fenix;0.0;;;;;;;
Calle Ficus;NA;Ficus;0.0;;;;;;;
Calle Del Flamenco;NA;Flamenco;0.0;;;;;;;
Avenida de las Floras;NA;Floras;0.0;;;;;;;
Calle de la Fortuna;NA;Fortuna;0.0;;;;;;;1
Calle Fragata;NA;Fragata;0.0;;;;;;;
Avenida de Francia;NA;Francia;0.0;;;;;;;
Calle Frascuelo;NA;Frascuelo;0.0;;;;;;;
Calle Fuente Nueva;NA;Fuente Nueva;0.0;;;;;;;1
Urbanización Las Fuentes;NA;Fuentes;0.0;;;;;;;
Calle Fuerte Santiago;NA;Fuerte Santiago;0.0;;;;;;;1
Avenida de las Fuerzas Armadas;NA;Fuerzas Armadas;0.0;;;;;;;1
Calle Galicia;NA;Galicia;0.0;;;;;;;1
Calle Gallito;NA;Gallito;0.0;;;;;;;
Calle Gardenia;NA;Gardenia;0.0;;;;;;;
Calle de la Garza;NA;Garza;0.0;;;;;;;
Calle del Gavilan;NA;Gavilan;0.0;;;;;;;
Calle Gemelos;NA;Gemelos;0.0;;;;;;;
Calle Geranio;NA;Geranio;0.0;;;;;;;
Calle de Gerona;NA;Gerona;0.0;;;;;;;1
Avenida Gesto por la Paz;NA;Gesto por la Paz;0.0;;;;;;;1
Calle de Getares;NA;Getares;0.0;;;;;;;
Carretera a Getares Pastores;NA;Getares Pastores;0.0;;;;;;;
Calle Gladiolo;NA;Gladiolo;0.0;;;;;;;
Calle Goleta;NA;Goleta;0.0;;;;;;;
Calle de la Golondrina;NA;Golondrina;0.0;;;;;;;
Calle Granero;NA;Granero;0.0;;;;;;;
Calle de la Granja;NA;Granja;0.0;;;;;;;
Calle Grazalema;NA;Grazalema;0.0;;;;;;;
Calle Grifón;NA;Grifón;0.0;;;;;;;
Calle de la Grulla;NA;Grulla;0.0;;;;;;;
Calle Guadalquivir;NA;Guadalquivir;0.0;;;;;;;
Calle Guerrita;NA;Guerrita;0.0;;;;;;;
Calle Guetaria;NA;Guetaria;0.0;;;;;;;
Calle Los Guijos;NA;Guijos;0.0;;;;;;;
Calle Hammudíes;NA;Hammudíes;0.0;;;;;;;1
Calle Hermanos de Soto;NA;Hermanos de Soto;0.0;;;;;;;
Calle Hidra;NA;Hidra;0.0;;;;;;;
Calle de la Higuera;NA;Higuera;0.0;;;;;;;
Avenida de Holanda;NA;Holanda;0.0;;;;;;;
Calle Hortensia;NA;Hortensia;0.0;;;;;;;
Avenida del Hospital;NA;Hospital;0.0;;;;;;;
Calle Hotel Garrido;NA;Hotel Garrido;0.0;;;;;;;1
Calle Huerta Grande;NA;Huerta Grande;0.0;;;;;;;1
Calle Huerta las Pilas;NA;Huerta las Pilas;0.0;;;;;;;
Calle de las Huertas;NA;Huertas;0.0;;;;;;;1
Avenida Irlanda;NA;Irlanda;0.0;;;;;;;
Avenida de Italia;NA;Italia;0.0;;;;;;;
Calle Jabalon;NA;Jabalon;0.0;;;;;;;1
Calle Jarama;NA;Jarama;0.0;;;;;;;
Calle del Jilguero;NA;Jilguero;0.0;;;;;;;
Calle Jimena;NA;Jimena;0.0;;;;;;;
Calle Lagartijo;NA;Lagartijo;0.0;;;;;;;
Calle Laureola;NA;Laureola;0.0;;;;;;;
Calle Lebreles;NA;Lebreles;0.0;;;;;;;
Calle del Limón;NA;Limón;0.0;;;;;;;
Calle Limón;NA;Limón;0.0;;;;;;;
Calle de Lince;NA;Lince;0.0;;;;;;;
Calle Lince;NA;Lince;0.0;;;;;;;
Calle La Linea;NA;Linea;0.0;;;;;;;
Calle Lira;NA;Lira;0.0;;;;;;;
Calle del Llano;NA;Llano;0.0;;;;;;;
Calle Loma de San Bernabé;NA;Loma de San Bernabé;0.0;;;;;;;
Calle del Loro;NA;Loro;0.0;;;;;;;
Calle de la Luna;NA;Luna;0.0;;;;;;;
Avenida de Luxemburgo;NA;Luxemburgo;0.0;;;;;;;
Magnolia;NA;Magnolia;0.0;;;;;;;
Calle Malta;NA;Malta;0.0;;;;;;;
Calle del Mandarin;NA;Mandarin;0.0;;;;;;;
Calle Mantilla;NA;Mantilla;0.0;;;;;;;
Calle Manzano;NA;Manzano;0.0;;;;;;;
Calle Margarita;NA;Margarita;0.0;;;;;;;
Urbanización las Marismas;NA;Marismas;0.0;;;;;;;
Paseo Marítimo;NA;Marítimo;0.0;;;;;;;
Calle Mastin;NA;Mastin;0.0;;;;;;;
Calle Medina Sidonia;NA;Medina Sidonia;0.0;;;;;;;
Calle Melva;NA;Melva;0.0;;;;;;;
Calle Membrillo;NA;Membrillo;0.0;;;;;;;
Calle El Mero;NA;Mero;0.0;;;;;;;
Calle Los Metalurgicos;NA;Metalurgicos;0.0;;;;;;;
Calle Mezquita;NA;Mezquita;0.0;;;;;;;1
Calle Microscopio;NA;Microscopio;0.0;;;;;;;
Calle Mimosa - La Granja;NA;Mimosa - La Granja;0.0;;;;;;;
Mimosas;NA;Mimosas;0.0;;;;;;;
Calle Mirador de Moncayo;NA;Mirador de Moncayo;0.0;;;;;;;
Calle del Mirlo;NA;Mirlo;0.0;;;;;;;
Calle Mis Sueños;NA;Mis Sueños;0.0;;;;;;;
Calle del Molino;NA;Molino;0.0;;;;;;;
Calle Mónaco;NA;Mónaco;0.0;;;;;;;
Calle Monte Perdido;NA;Monte Perdido;0.0;;;;;;;
Urbanización Monte sol;NA;Monte sol;0.0;;;;;;;
Calle Monte Veleta;NA;Monte Veleta;0.0;;;;;;;
Urbanización Montepaloma;NA;Montepaloma;0.0;;;;;;;
Calle Montero Ríos;NA;Montero Ríos;0.0;;;;;;;1
Calle Montes Pirineos;NA;Montes Pirineos;0.0;;;;;;;1
Calle Mulhacén;NA;Mulhacén;0.0;;;;;;;
Calle Nalon;NA;Nalon;0.0;;;;;;;
Calle Nao Victoria;NA;Nao Victoria;0.0;;;;;;;
Calle del Naranjo;NA;Naranjo;0.0;;;;;;;
Calle Narciso;NA;Narciso;0.0;;;;;;;
Nardo;NA;Nardo;0.0;;;;;;;
Calle Nazaret;NA;Nazaret;0.0;;;;;;;
Plaza de Neda;NA;Neda;0.0;;;;;;;1
Calle Nicaragua;NA;Nicaragua;0.0;;;;;;;1
Calle Ninfa;NA;Ninfa;0.0;;;;;;;
Calle Nueva;NA;Nueva;0.0;;;;;;;
Urbanización Nuevas Colinas;NA;Nuevas Colinas;0.0;;;;;;;
Calle Obenque;NA;Obenque;0.0;;;;;;;
Avenida de Oceania;NA;Oceania;0.0;;;;;;;
Avenida de Oceanía;NA;Oceanía;0.0;;;;;;;
Calle Octante;NA;Octante;0.0;;;;;;;
Ojo del Muelle;NA;Ojo del Muelle;0.0;;;;;;;1
Calle del Olivo;NA;Olivo;0.0;;;;;;;
Calle Olvera;NA;Olvera;0.0;;;;;;;
Calle de Oporto;NA;Oporto;0.0;;;;;;;
Calle Orión;NA;Orión;0.0;;;;;;;
Orquídea;NA;Orquídea;0.0;;;;;;;
Calle Ortigas;NA;Ortigas;0.0;;;;;;;
Calle Osa Mayor;NA;Osa Mayor;0.0;;;;;;;
Calle de Oviedo;NA;Oviedo;0.0;;;;;;;1
Calle de la Palmera;NA;Palmera;0.0;;;;;;;
Calle Palmeras;NA;Palmeras;0.0;;;;;;;
Calle del Palmito;NA;Palmito;0.0;;;;;;;
Calle de la Paloma;NA;Paloma;0.0;;;;;;;
Calle Pargo;NA;Pargo;0.0;;;;;;;
Acceso a Parking Menéndez Tolosa;NA;Parking Menéndez Tolosa;0.0;;;;;;;1
Calle de la Parra;NA;Parra;0.0;;;;;;;
Calle Pastor Aleman;NA;Pastor Aleman;0.0;;;;;;;
Calle Paterna de La Rivera;NA;Paterna de La Rivera;0.0;;;;;;;
Calle Peatonal;NA;Peatonal;0.0;;;;;;;
Calle Pegaso;NA;Pegaso;0.0;;;;;;;
Calle Pena Gorbea;NA;Pena Gorbea;0.0;;;;;;;
Calle Peña Lara;NA;Peña Lara;0.0;;;;;;;
Calle de la Perdiz;NA;Perdiz;0.0;;;;;;;
Calle de la Perlita;NA;Perlita;0.0;;;;;;;
Calle Perú;NA;Perú;0.0;;;;;;;1
Calle Pescadores;NA;Pescadores;0.0;;;;;;;
Calle Petunias;NA;Petunias;0.0;;;;;;;
Calle del Pez Espada;NA;Pez Espada;0.0;;;;;;;
Calle del Pinzón;NA;Pinzón;0.0;;;;;;;
Calle del Piquituerto;NA;Piquituerto;0.0;;;;;;;
Calle Pisuerga;NA;Pisuerga;0.0;;;;;;;
Calle Plata;NA;Plata;0.0;;;;;;;
Urbanización Playa Getares;NA;Playa Getares;0.0;;;;;;;
Avenida Portus Albus;NA;Portus Albus;0.0;;;;;;;
Calle Puerto de Santa Maria;NA;Puerto de Santa Maria;0.0;;;;;;;
Calle Puerto Real;NA;Puerto Real;0.0;;;;;;;
Calle de la Pulsera;NA;Pulsera;0.0;;;;;;;
Avenida de Punta Carnero;NA;Punta Carnero;0.0;;;;;;;
Calle Quejigo;NA;Quejigo;0.0;;;;;;;
Radio Algeciras;NA;Radio Algeciras;0.0;;;;;;;1
Calle Radio Algeciras;NA;Radio Algeciras;0.0;;;;;;;1
Calle Ramito;NA;Ramito;0.0;;;;;;;
Calle Rayos X;NA;Rayos X;0.0;;;;;;;1
Urbanización El Recreo;NA;Recreo;0.0;;;;;;;
Residencial La Cornisa;NA;Residencial La Cornisa;0.0;;;;;;;
Calle Reyes Católicos;NA;Reyes Católicos;0.0;;;;;;;1
Calle del Reyezuelo;NA;Reyezuelo;0.0;;;;;;;
Calle Rincón de la Luna;NA;Rincón de la Luna;0.0;;;;;;;
Carretera Rinconcillo;NA;Rinconcillo;0.0;;;;;;;
Rio;NA;Rio;0.0;;;;;;;1
Rio de la Miel;NA;Rio de la Miel;0.0;;;;;;;
Sendero Rio de la Miel;NA;Rio de la Miel;0.0;;;;;;;
Calle Rio La Miel;NA;Rio La Miel;0.0;;;;;;;
Calle Roble;NA;Roble;0.0;;;;;;;
La Rocha;NA;Rocha;0.0;;;;;;;1
Calle del Rocio;NA;Rocio;0.0;;;;;;;
Calle del Romance;NA;Romance;0.0;;;;;;;
Calle Rosa de los Vientos;NA;Rosa de los Vientos;0.0;;;;;;;
Calle Rosal;NA;Rosal;0.0;;;;;;;
Calle Rota;NA;Rota;0.0;;;;;;;
Calle Saeta;NA;Saeta;0.0;;;;;;;
Calle Sagrado Corazón;NA;Sagrado Corazón;0.0;;;;;;;
Calle Salamanca;NA;Salamanca;0.0;;;;;;;1
Calle Salmón;NA;Salmón;0.0;;;;;;;
Calle Santander;NA;Santander;0.0;;;;;;;1
Calle Sauces;NA;Sauces;0.0;;;;;;;
Calle Séneca;NA;Séneca;0.0;;;;;;;1
Sevilla;NA;Sevilla;0.0;;;;;;;1
Calle Sextante;NA;Sextante;0.0;;;;;;;
Calle Sierra Aracena;NA;Sierra Aracena;0.0;;;;;;;
Sierra de cazorla;NA;Sierra de cazorla;0.0;;;;;;;
Calle Sierra de Guadarrama;NA;Sierra de Guadarrama;0.0;;;;;;;1
Calle Sierra de Lucena;NA;Sierra de Lucena;0.0;;;;;;;
Calle Sierra de Segura;NA;Sierra de Segura;0.0;;;;;;;
Calle del Sol;NA;Sol;0.0;;;;;;;
Calle Soria;NA;Soria;0.0;;;;;;;1
Urbanización Special Getares;NA;Special Getares;0.0;;;;;;;
Calle de la Subida;NA;Subida;0.0;;;;;;;
Calle de los Suspiros;NA;Suspiros;0.0;;;;;;;
Calle Tajo;NA;Tajo;0.0;;;;;;;
Calle Tarifa;NA;Tarifa;0.0;;;;;;;1
Calle de Teide;NA;Teide;0.0;;;;;;;
Calle Telescopio;NA;Telescopio;0.0;;;;;;;
Urbanización Torre Almirante;NA;Torre Almirante;0.0;;;;;;;1
Calle Torre de Botafuego;NA;Torre de Botafuego;0.0;;;;;;;
Calle Torre de Cartagena;NA;Torre de Cartagena;0.0;;;;;;;
Calle Torre de Entrerios;NA;Torre de Entrerios;0.0;;;;;;;
Calle Torre de Guadalmesí;NA;Torre de Guadalmesí;0.0;;;;;;;
Calle Torre de los Adalides;NA;Torre de los Adalides;0.0;;;;;;;
Calle Torre de Mayorgas;NA;Torre de Mayorgas;0.0;;;;;;;
Calle Torre de San García;NA;Torre de San García;0.0;;;;;;;
Calle Torre del Almirante;NA;Torre del Almirante;0.0;;;;;;;
Calle Torre del Arroyo del Lobo;NA;Torre del Arroyo del Lobo;0.0;;;;;;;
Calle Torre del Espolón;NA;Torre del Espolón;0.0;;;;;;;
Calle Torre del Fraile;NA;Torre del Fraile;0.0;;;;;;;
Calle Torre del Rocadillo;NA;Torre del Rocadillo;0.0;;;;;;;
Calle Torre Punta del Carnero;NA;Torre Punta del Carnero;0.0;;;;;;;
Calle Torreón de Monreal;NA;Torreón de Monreal;0.0;;;;;;;
Calle de la Tórtola;NA;Tórtola;0.0;;;;;;;
Calle del Trabajo;NA;Trabajo;0.0;;;;;;;
Trafalgar;NA;Trafalgar;0.0;;;;;;;1
Calle Trainera;NA;Trainera;0.0;;;;;;;
Calle Travesía;NA;Travesía;0.0;;;;;;;1
Calle Trebol;NA;Trebol;0.0;;;;;;;
Calle Trebujena;NA;Trebujena;0.0;;;;;;;
Calle Trepadora;NA;Trepadora;0.0;;;;;;;
Calle Triangulo;NA;Triangulo;0.0;;;;;;;
Calle Triton;NA;Triton;0.0;;;;;;;
Calle Trucha;NA;Trucha;0.0;;;;;;;
Calle de la Trucha;NA;Trucha;0.0;;;;;;;
Calle del Tucan;NA;Tucan;0.0;;;;;;;
Calle del Tulipan;NA;Tulipan;0.0;;;;;;;
Calle Ubrique;NA;Ubrique;0.0;;;;;;;
Calle de la Unión;NA;Unión;0.0;;;;;;;
Calle Urbanizacion Bella Bahia;NA;Urbanizacion Bella Bahia;0.0;;;;;;;
urbanización Nuevo San García I;NA;urbanización Nuevo San García I;0.0;;;;;;;
Calle Urta;NA;Urta;0.0;;;;;;;
Calle Vela;NA;Vela;0.0;;;;;;;
Calle Velarde;NA;Velarde;0.0;;;;;;;1
Calle Velero;NA;Velero;0.0;;;;;;;
Avenida de Venecia;NA;Venecia;0.0;;;;;;;
Calle Verdiales;NA;Verdiales;0.0;;;;;;;
Urbanización Villa Estoril;NA;Villa Estoril;0.0;;;;;;;1
Calle Villamartin;NA;Villamartin;0.0;;;;;;;
Avenida Villanueva;NA;Villanueva;0.0;;;;;;;1
Calle Violeta;NA;Violeta;0.0;;;;;;;
Urbanización Vista Hermosa;NA;Vista Hermosa;0.0;;;;;;;
Avenida Vista Mar;NA;Vista Mar;0.0;;;;;;;
Calle Volantes;NA;Volantes;0.0;;;;;;;
Calle Yate;NA;Yate;0.0;;;;;;;
Calle Yedra;NA;Yedra;0.0;;;;;;;
Yedra;NA;Yedra;0.0;;;;;;;
Calle Yucas;NA;Yucas;0.0;;;;;;;
Calle de la Zordilla;NA;Zordilla;0.0;;;;;;;
